{
  "Bruce Molina": {
    "Name": "Bruce Molina",
    "account_number": 55089,
    "PIN": "1234",
    "Balance": 0
  },
  "John Stevens": {
    "Name": "John Stevens",
    "account_number": 31181,
    "PIN": "1234",
    "Balance": 0
  },
  "John Tims": {
    "Name": "John Tims",
    "account_number": 39993,
    "PIN": "1234",
    "Balance": 0
  },
  "Bruce  Molina2": {
    "Name": "Bruce  Molina2",
    "account_number": 86238,
    "PIN": "1234",
    "Balance": 0
  },
  "Ham Skillet": {
    "Name": "Ham Skillet",
    "account_number": 86582,
    "PIN": "3456",
    "Balance": 0
  },
  "Bruce Moose": {
    "Name": "Bruce Moose",
    "account_number": 28389,
    "PIN": "1234",
    "Balance": 0
  },
  "Bruce  Bruce": {
    "Name": "Bruce  Bruce",
    "account_number": 48641,
    "PIN": "1234",
    "Balance": 0
  },
  "Diane Molina": {
    "Name": "Diane Molina",
    "account_number": 77692,
    "PIN": "1234",
    "Balance": 0.0
  },
  "Cait Dempsey": {
    "Name": "Cait Dempsey",
    "account_number": 88279,
    "PIN": "1234",
    "Balance": 0.0
  }
}